year,delta
2017,64.153296554612
2018,382.8263811379354
2019,171.15347561114513
2020,344.51050211709224
2021,474.39178781942337
