year,delta
2017,155.83156487426783
2018,389.65543450542384
2019,89.18792795991288
2020,171.04292628093182
2021,328.6467428242186
